Mutation,RMSD,Affinity,functional_score,structural_score,affinity_score,clinical_anchor,therapeutic_score,Rank
TP53_Y220C,1.081230608931324,-7.09,1.0,0.4804849571732384,0.7008196721311478,1.0,0.7024398845086397,1
TP53_R16H,0.8417473580663566,-6.36,0.5,0.5429626357927269,1.0,0.0,0.6171850543170907,2
TP53_R248Q,1.133293575521178,-6.57,0.7,0.4687587360102058,0.9139344262295084,0.0,0.6016838222729348,3
TP53_R282W,1.075952324223422,-6.89,0.8,0.481706630894851,0.7827868852459019,0.0,0.587518717931711,4
TP53_P119S,0.9313240150440784,-6.64,0.5,0.517779508881205,0.8852459016393446,0.0,0.5726855740442854,5
TP53_E285K,0.9086147768303104,-6.68,0.5,0.5239401958632678,0.8688524590163937,0.0,0.5702318160502252,6
TP53_H47R,1.06920035521974,-6.58,0.5,0.4832784787985426,0.9098360655737706,0.0,0.5662622111915482,7
TP53_R114H,0.8615663612719417,-6.78,0.5,0.5371820316503441,0.8278688524590164,0.0,0.5632334683978425,8
TP53_G245S,1.026589694110382,-6.67,0.5,0.4934397934155946,0.8729508196721313,0.0,0.5592611632678772,9
TP53_H175R,1.136618113575553,-6.59,0.5,0.4680293561335283,0.905737704918033,0.0,0.5589330539288212,10
TP53_E126K,1.236878531651275,-6.59,0.5,0.4470515434120578,0.905737704918033,0.0,0.550541928840233,11
TP53_H193P,1.21686359251532,-6.58,0.5,0.4510877454870238,0.9098360655737706,0.0,0.5533859178669407,12
TP53_H20R,0.8820960202393335,-6.91,0.5,0.5313225198110969,0.7745901639344264,0.0,0.5449060571047667,13
TP53_Y87H,1.179285075737434,-6.68,0.5,0.4588660800430694,0.8688524590163937,0.0,0.5442021697221459,14
TP53_R237Q,1.05003831529848,-6.8,0.5,0.4877957609560105,0.8196721311475412,0.0,0.5410199437266666,15
TP53_C238Y,0.9579642758817878,-6.92,0.5,0.510734548284667,0.7704918032786887,0.0,0.5354413602974734,16
TP53_G245D,1.002938744277928,-6.91,0.5,0.4992663918738594,0.7745901639344264,0.0,0.5320836059298717,17
TP53_C176Y,1.032755765287185,-6.88,0.5,0.4919430150324632,0.7868852459016396,0.0,0.5328427797834772,18
TP53_V233M,1.120040354145349,-6.82,0.5,0.4716891346170293,0.8114754098360656,0.0,0.5321182767976314,19
TP53_H214R,0.7981759153133333,-7.1,0.5,0.5561191157572308,0.6967213114754102,0.0,0.5314640397455154,20
V173L,1.042201302138517,-6.89,0.5,0.4896676928728021,0.7827868852459019,0.0,0.5307031427228914,21
M78I,1.243465618685527,-6.74,0.5,0.4457389458840522,0.8442622950819673,0.0,0.5315742668782111,22
R234L,1.121328761531769,-6.95,0.5,0.4714026501379823,0.7581967213114755,0.0,0.5160200764486356,23
R248W,0.8802054211165979,-7.05,0.5,0.5318567794609005,0.7172131147540987,0.0,0.5279066462105898,24
R234H,1.069424162396165,-6.91,0.5,0.4832262124755083,0.7745901639344264,0.0,0.5256675341705312,25
C44F,1.050465124709276,-6.91,0.5,0.4876942250562708,0.7745901639344264,0.0,0.5274547392028363,26
R141L,1.117583326606477,-6.88,0.5,0.4722364345409469,0.7868852459016396,0.0,0.5249601475868706,27
P152L,0.8906588990728115,-6.85,0.5,0.5289161363217897,0.7991803278688527,0.0,0.5513205528893717,28
R150W,1.05602513746481,-7.42,0.5,0.486375376340512,0.5655737704918035,0.0,0.4642222816837458,29
V173M,0.9432025038022877,-7.12,0.5,0.5146144048514182,0.6885245901639345,0.0,0.5124031389897477,30
