Mutation,Ising Energy,Dominant State Fidelity,Measurement Distribution (16 basis states),Total Shots,Job ID,Backend
A159V,-0.24,0.24,"{'1011': 93, '1100': 110, '1010': 7, '0100': 120, '0000': 18, '1000': 27, '0111': 28, '0011': 63, '1111': 20, '0001': 2, '1001': 2, '0010': 4, '0101': 1, '1101': 4, '1110': 1}",500,d8su17lbh0os73eopi30,ibm_fez
A161T,-0.35,0.35,"{'1111': 63, '0001': 90, '1001': 175, '0111': 123, '1000': 11, '0011': 2, '0110': 14, '1110': 8, '0101': 5, '0000': 7, '1101': 1, '0100': 1}",500,d8stpjkbp3hs7383n2kg,ibm_fez
C102Y,-0.36,0.36,"{'0101': 180, '1001': 102, '1111': 6, '0111': 74, '1011': 100, '0110': 4, '0011': 8, '1101': 5, '1000': 6, '0100': 8, '1010': 4, '1100': 1, '0001': 2}",500,d8stncsbp3hs7383mvvg,ibm_fez
C135F,-0.5,0.5,"{'0000': 250, '1110': 77, '1000': 39, '1111': 74, '1101': 3, '0110': 12, '0111': 9, '0001': 22, '0101': 1, '1100': 6, '0010': 3, '1001': 2, '0011': 1, '1010': 1}",500,d8sto2tposuc738nsmt0,ibm_fez
C137F,-0.478,0.478,"{'1011': 41, '0100': 239, '1010': 149, '0111': 1, '1100': 17, '0000': 3, '0101': 16, '1000': 16, '0010': 6, '0110': 8, '1111': 1, '1001': 1, '1101': 1, '1110': 1}",500,d8stt55bh0os73eopdh0,ibm_fez
C137Y,-0.348,0.348,"{'1011': 93, '0100': 174, '1000': 3, '1010': 7, '0011': 67, '1100': 127, '1101': 3, '0101': 7, '0010': 6, '0001': 2, '0000': 8, '1110': 2, '1001': 1}",500,d8stujsbp3hs7383n9e0,ibm_fez
C141Y,-0.42,0.42,"{'0010': 85, '1110': 210, '0110': 17, '0000': 89, '0001': 22, '1100': 32, '1000': 7, '0011': 6, '1010': 9, '0100': 3, '1111': 8, '1101': 10, '1011': 1, '1001': 1}",500,d8su0qsbp3hs7383nc4g,ibm_fez
C176F,-0.2,0.2,"{'0110': 48, '1000': 78, '0100': 13, '1001': 43, '1011': 15, '0000': 57, '0001': 31, '0111': 100, '1100': 7, '1110': 31, '0011': 8, '1111': 51, '0010': 3, '1010': 4, '1101': 7, '0101': 4}",500,d8stomcbp3hs7383n1mg,ibm_fez
C176Y,-0.458,0.458,"{'0111': 14, '1111': 229, '0001': 160, '1101': 36, '0011': 40, '1110': 7, '0000': 3, '1011': 1, '1001': 7, '0010': 1, '0101': 2}",500,d8su34dbh0os73eopki0,ibm_fez
C17F,-0.33,0.33,"{'1100': 165, '0011': 152, '1110': 7, '0000': 67, '1111': 60, '0010': 7, '1000': 6, '0100': 11, '1101': 8, '0101': 1, '0111': 2, '1011': 8, '1010': 1, '0001': 5}",500,d8stp2sbp3hs7383n24g,ibm_fez
C199Y,-0.188,0.188,"{'1110': 68, '0000': 90, '1010': 20, '0010': 91, '1101': 12, '0110': 24, '0100': 24, '1100': 94, '1000': 28, '1111': 10, '0001': 14, '0011': 14, '0101': 3, '1001': 1, '1011': 7}",500,d8stl1dposuc738nsiq0,ibm_fez
C238F,-0.314,0.314,"{'1001': 92, '1011': 32, '0101': 157, '1010': 91, '1101': 7, '0110': 47, '0111': 11, '0001': 10, '1110': 8, '1000': 11, '0010': 8, '0011': 4, '0100': 21, '0000': 1}",500,d8stoglposuc738nsne0,ibm_fez
C238Y,-0.21,0.21,"{'0000': 105, '1110': 86, '0010': 33, '0111': 3, '1101': 39, '0001': 65, '1100': 44, '1111': 72, '0011': 33, '1000': 4, '0100': 3, '1011': 3, '1010': 3, '0110': 5, '1001': 2}",500,d8su2actqbtc73cvi8sg,ibm_fez
C242F,-0.25,0.25,"{'1101': 125, '1011': 17, '1111': 79, '0011': 104, '0001': 124, '0111': 15, '0000': 3, '0101': 12, '1001': 17, '1110': 2, '1100': 2}",500,d8su1ustqbtc73cvi8fg,ibm_fez
C275Y,-0.416,0.416,"{'0001': 166, '1111': 208, '1001': 11, '0011': 41, '1101': 44, '0111': 11, '1100': 1, '1110': 6, '1011': 4, '0101': 3, '0000': 5}",500,d8str3cbp3hs7383n4ng,ibm_fez
C44F,-0.32,0.32,"{'1111': 61, '1100': 160, '0011': 156, '0000': 58, '0001': 9, '1011': 7, '0111': 3, '1101': 13, '0010': 13, '1000': 3, '0100': 7, '1110': 7, '0101': 2, '1010': 1}",500,d8su2l4bp3hs7383nehg,ibm_fez
E126K,-0.37,0.37,"{'1111': 2, '0100': 185, '1010': 12, '1100': 161, '1011': 58, '0011': 49, '0101': 3, '1000': 12, '1101': 1, '0010': 6, '1110': 1, '1001': 2, '0000': 7, '0001': 1}",500,d8su4d4bp3hs7383ngn0,ibm_fez
E153K,-0.404,0.404,"{'0100': 202, '0011': 38, '1100': 137, '1011': 70, '1000': 19, '0001': 1, '1010': 12, '0010': 10, '0000': 5, '0110': 2, '1101': 1, '0111': 1, '1110': 2}",500,d8su1ictqbtc73cvi7tg,ibm_fez
E246K,-0.468,0.468,"{'1010': 8, '0101': 234, '1001': 26, '1011': 163, '0100': 9, '0011': 10, '1101': 19, '0111': 23, '0110': 1, '1000': 2, '0001': 2, '1111': 2, '0010': 1}",500,d8strmlposuc738nsra0,ibm_fez
E247K,-0.298,0.298,"{'0111': 140, '1111': 82, '0001': 73, '1001': 149, '0000': 6, '1110': 11, '1000': 12, '0101': 7, '0110': 16, '1011': 1, '1101': 1, '0100': 1, '0011': 1}",500,d8stutktqbtc73cvi4p0,ibm_fez
E285K,-0.344,0.344,"{'1011': 101, '0101': 172, '1001': 103, '0111': 68, '1111': 10, '1010': 6, '0100': 6, '1000': 7, '0001': 11, '0110': 4, '1101': 7, '0011': 4, '0000': 1}",500,d8su3tstqbtc73cviaqg,ibm_fez
E286K,-0.582,0.582,"{'0100': 7, '0110': 291, '0010': 4, '1001': 13, '1110': 151, '1000': 17, '0001': 4, '0000': 7, '1010': 4, '1100': 2}",500,d8su4a5posuc738nt5v0,ibm_fez
G113S,-0.302,0.302,"{'1001': 125, '1011': 105, '0011': 2, '0101': 151, '0111': 64, '1010': 11, '0010': 1, '1000': 9, '0110': 6, '0100': 12, '0001': 6, '0000': 1, '1101': 6, '1110': 1}",500,d8su00kbp3hs7383nb7g,ibm_fez
G206D,-0.26,0.26,"{'1110': 71, '1111': 23, '0001': 46, '0010': 130, '1101': 65, '1010': 13, '0000': 29, '0011': 25, '1100': 56, '1000': 7, '0101': 8, '1011': 2, '1001': 8, '0100': 9, '0111': 2, '0110': 6}",500,d8stnt4tqbtc73cvhrn0,ibm_fez
G206S,-0.424,0.424,"{'0010': 86, '0110': 8, '1100': 41, '1000': 6, '1110': 212, '1101': 17, '1111': 19, '0000': 75, '0001': 27, '0011': 2, '1001': 5, '1010': 2}",500,d8su0kdposuc738nt1c0,ibm_fez
G206V,-0.81,0.81,"{'0010': 405, '1010': 80, '1000': 2, '0000': 3, '0100': 2, '1110': 3, '1100': 4, '1101': 1}",500,d8tf0idposuc738okrhg,ibm_marrakesh
G227E,-0.194,0.194,"{'1000': 97, '1001': 41, '1110': 36, '0100': 23, '0111': 70, '0110': 39, '0000': 74, '0001': 31, '1010': 5, '0101': 10, '1111': 36, '1101': 4, '0010': 7, '1011': 11, '0011': 8, '1100': 8}",500,d8sto5tbh0os73eop760,ibm_fez
G245C,-0.404,0.404,"{'1101': 202, '1111': 38, '0011': 72, '0001': 101, '0000': 7, '0111': 4, '0010': 32, '1110': 10, '0101': 14, '1001': 6, '1011': 6, '1100': 8}",500,d8sto05bh0os73eop6vg,ibm_fez
G245D,-0.312,0.312,"{'0101': 156, '0001': 9, '1001': 73, '1011': 30, '1010': 105, '0110': 46, '0111': 11, '1101': 17, '0100': 21, '1000': 12, '1100': 5, '0010': 12, '1110': 1, '0000': 1, '0011': 1}",500,d8su2mlposuc738nt430,ibm_fez
G245S,-0.748,0.748,"{'0010': 374, '1010': 99, '0100': 5, '1100': 13, '0000': 4, '1110': 3, '1000': 1, '0110': 1}",500,d8stjokbp3hs7383mr5g,ibm_fez
G245V,-0.198,0.198,"{'0100': 99, '1000': 87, '0111': 19, '1010': 99, '0110': 89, '1100': 8, '1001': 23, '1011': 32, '0101': 27, '1110': 4, '0011': 3, '0010': 5, '0000': 4, '1101': 1}",500,d8stmftbh0os73eop52g,ibm_fez
G266E,-0.232,0.232,"{'0010': 77, '1110': 27, '0101': 64, '1101': 116, '1001': 41, '0001': 50, '1010': 47, '0000': 8, '0110': 27, '1000': 7, '0100': 9, '1011': 7, '0111': 5, '0011': 9, '1100': 4, '1111': 2}",500,d8su27dposuc738nt3e0,ibm_fez
G266R,-0.408,0.408,"{'0011': 51, '1100': 134, '0100': 204, '1011': 81, '1111': 1, '1010': 5, '0010': 6, '1000': 4, '0001': 2, '0110': 2, '0101': 4, '0000': 4, '1001': 2}",500,d8stn0kbp3hs7383mvh0,ibm_fez
G266V,-0.4,0.4,"{'1000': 200, '0001': 8, '0110': 80, '0111': 66, '1110': 26, '0000': 51, '1001': 31, '1111': 16, '0100': 9, '0011': 3, '1010': 3, '0101': 2, '1100': 4, '1101': 1}",500,d8stugstqbtc73cvi470,ibm_fez
G86S,-0.672,0.672,"{'0101': 336, '1101': 25, '0100': 8, '1010': 38, '1011': 21, '0111': 9, '1001': 46, '0001': 4, '0110': 6, '0011': 1, '0010': 3, '1000': 2, '1100': 1}",500,d8su1ldbh0os73eopij0,ibm_fez
H140R,-0.38,0.38,"{'0101': 190, '1001': 87, '1011': 106, '1111': 5, '0100': 8, '0110': 9, '0111': 66, '1101': 13, '1010': 3, '1000': 3, '0011': 7, '1100': 1, '0010': 1, '0000': 1}",500,d8sts9tbh0os73eopcl0,ibm_fez
H140Y,-0.258,0.258,"{'1011': 66, '0010': 8, '0100': 129, '1100': 107, '0011': 84, '0000': 29, '1000': 25, '0111': 14, '1111': 18, '0001': 4, '0101': 4, '1110': 3, '1010': 4, '1101': 2, '1001': 2, '0110': 1}",500,d8sts04tqbtc73cvi180,ibm_fez
H154R,-0.608,0.608,"{'1000': 304, '0100': 66, '0110': 22, '0111': 50, '0000': 22, '1111': 9, '1100': 6, '1011': 10, '1010': 4, '0101': 2, '1101': 1, '0011': 1, '1001': 3}",500,d8stmtlposuc738nslgg,ibm_fez
H154Y,-0.418,0.418,"{'0111': 50, '1000': 209, '0100': 10, '0110': 93, '1011': 5, '1001': 27, '1111': 18, '1110': 23, '0000': 50, '0001': 5, '1010': 4, '0101': 1, '1100': 4, '0010': 1}",500,d8stm9kbp3hs7383mue0,ibm_fez
H168R,-0.184,0.184,"{'0000': 92, '0010': 32, '1101': 28, '1111': 73, '1110': 90, '0001': 83, '1100': 48, '0110': 3, '0011': 32, '0111': 5, '1011': 3, '1010': 1, '1001': 4, '1000': 5, '0101': 1}",500,d8stq4lbh0os73eop9d0,ibm_fez
H175R,-0.362,0.362,"{'1100': 126, '1011': 79, '0100': 181, '0011': 71, '1111': 3, '0110': 1, '1110': 2, '1010': 8, '0001': 2, '1101': 5, '0010': 6, '1000': 8, '0000': 3, '0101': 5}",500,d8su4blposuc738nt62g,ibm_fez
H179R,-0.42,0.42,"{'1001': 25, '1000': 210, '0110': 86, '0000': 54, '0111': 55, '1110': 24, '0001': 3, '1111': 19, '0101': 2, '0100': 9, '1100': 3, '1101': 1, '1010': 4, '1011': 2, '0010': 2, '0011': 1}",500,d8sto7dbh0os73eop780,ibm_fez
H179Y,-0.424,0.424,"{'1100': 12, '1101': 145, '0010': 212, '1010': 47, '0101': 37, '1110': 15, '0110': 7, '1001': 6, '0001': 6, '0100': 5, '1000': 1, '0011': 4, '0000': 1, '1011': 1, '0111': 1}",500,d8stq2tbh0os73eop9ag,ibm_fez
H193L,-0.264,0.264,"{'0000': 132, '1111': 103, '1100': 76, '0011': 75, '1110': 29, '1011': 3, '0100': 7, '0001': 21, '1000': 9, '0010': 14, '1101': 16, '1010': 2, '0111': 10, '0110': 1, '1001': 2}",500,d8su0h4tqbtc73cvi6j0,ibm_fez
H193P,-0.736,0.736,"{'0010': 368, '1100': 17, '1010': 97, '0100': 1, '0000': 11, '1000': 1, '1101': 1, '0011': 2, '1011': 1, '1110': 1}",500,d8su4jkbp3hs7383nh00,ibm_fez
H193R,-0.4,0.4,"{'0011': 55, '0100': 200, '1010': 11, '1100': 119, '1011': 82, '0000': 7, '1101': 3, '0101': 2, '1000': 7, '0110': 3, '0010': 7, '0111': 1, '1001': 2, '1110': 1}",500,d8stqvcbp3hs7383n4h0,ibm_fez
H193Y,-0.456,0.456,"{'0001': 228, '1111': 6, '0010': 11, '0101': 12, '1001': 102, '1110': 53, '1000': 5, '0110': 31, '0011': 2, '1101': 28, '0000': 6, '0111': 6, '1011': 2, '0100': 3, '1010': 2, '1100': 3}",500,d8stp8ktqbtc73cvht6g,ibm_fez
H20R,-0.354,0.354,"{'1011': 38, '1000': 177, '0110': 5, '0100': 113, '0111': 73, '1100': 21, '1111': 10, '0101': 4, '0000': 35, '1010': 7, '0011': 8, '1001': 4, '1110': 1, '0010': 2, '0001': 2}",500,d8su2o5bh0os73eopk1g,ibm_fez
H214R,-0.274,0.274,"{'0000': 137, '1110': 23, '1000': 16, '1111': 89, '0100': 10, '0011': 69, '0001': 20, '1100': 83, '1010': 3, '1101': 13, '0111': 7, '0010': 18, '1001': 3, '0110': 3, '1011': 4, '0101': 2}",500,d8su08lbh0os73eoph00,ibm_fez
H47R,-0.428,0.428,"{'1000': 214, '0111': 77, '1001': 41, '0110': 93, '1010': 17, '1100': 1, '0100': 25, '0101': 8, '1011': 10, '0000': 7, '0001': 4, '1110': 1, '1111': 1, '1101': 1}",500,d8su4mkbp3hs7383nh30,ibm_fez
I156T,-0.21,0.21,"{'1101': 28, '1111': 64, '0000': 105, '1001': 7, '0001': 86, '0100': 2, '0110': 4, '1110': 91, '1100': 42, '0010': 37, '0011': 23, '1010': 4, '1000': 3, '0111': 2, '0101': 1, '1011': 1}",500,d8stu5tposuc738nsue0,ibm_fez
I195T,-0.472,0.472,"{'0010': 236, '1101': 179, '1100': 19, '1110': 13, '0101': 12, '1010': 19, '0011': 6, '0001': 6, '0000': 5, '0100': 1, '1111': 1, '1001': 2, '0110': 1}",500,d8stuicbp3hs7383n9bg,ibm_fez
I36T,-0.622,0.622,"{'1010': 96, '0110': 311, '1110': 37, '1000': 22, '0101': 5, '0100': 8, '1001': 7, '0111': 2, '0010': 8, '0000': 2, '1100': 2}",500,d8su1gtposuc738nt2g0,ibm_fez
I63T,-0.67,0.67,"{'0110': 335, '1010': 88, '1110': 30, '1000': 17, '1001': 5, '0010': 15, '1100': 1, '0100': 7, '0001': 1, '0000': 1}",500,d8stmmlposuc738nsl60,ibm_fez
K132N,-0.31,0.31,"{'0101': 155, '0111': 67, '1001': 106, '1011': 116, '1010': 7, '1101': 12, '0011': 9, '0110': 7, '1000': 5, '0001': 6, '0100': 4, '1111': 5, '0000': 1}",500,d8stku5bh0os73eop2vg,ibm_fez
K132R,-0.314,0.314,"{'1100': 104, '0100': 157, '0101': 3, '1010': 111, '0010': 74, '1011': 9, '1000': 13, '1110': 3, '0110': 4, '1101': 6, '0000': 11, '0011': 5}",500,d8stmrtbh0os73eop5lg,ibm_fez
L155R,-0.23,0.23,"{'1111': 75, '1001': 6, '0001': 57, '0010': 35, '1100': 25, '0000': 115, '1110': 89, '0011': 33, '1101': 30, '0111': 5, '1010': 2, '0110': 8, '0100': 2, '1000': 12, '1011': 3, '0101': 3}",500,d8stmctposuc738nskm0,ibm_fez
L194R,-0.484,0.484,"{'1101': 178, '0010': 242, '0101': 11, '1010': 20, '0011': 6, '0110': 1, '1100': 16, '1011': 1, '0001': 7, '1110': 10, '1111': 2, '0100': 2, '1000': 1, '0000': 3}",500,d8su14lposuc738nt210,ibm_fez
M105I,-0.44,0.44,"{'1001': 32, '1011': 172, '0101': 220, '0111': 23, '0011': 12, '0100': 11, '1010': 8, '1101': 12, '0001': 3, '0010': 4, '1000': 1, '1111': 1, '0110': 1}",500,d8stm05posuc738nsk4g,ibm_fez
M198I,-0.216,0.216,"{'0100': 108, '1000': 82, '1010': 106, '0011': 3, '0110': 88, '1001': 29, '0101': 20, '1011': 27, '0111': 19, '0000': 3, '0010': 5, '1110': 3, '1100': 4, '1101': 2, '1111': 1}",500,d8stkvstqbtc73cvhnq0,ibm_fez
M237I,-0.456,0.456,"{'0000': 79, '1110': 228, '0010': 88, '1100': 29, '0001': 19, '0110': 6, '0011': 8, '1111': 12, '1101': 11, '0111': 2, '1010': 8, '0101': 1, '1000': 8, '1001': 1}",500,d8stn8lbh0os73eop650,ibm_fez
M78I,-0.4,0.4,"{'1000': 200, '0110': 96, '1001': 31, '0111': 72, '1011': 14, '1111': 7, '0100': 36, '1010': 17, '0000': 6, '0101': 6, '1110': 6, '0010': 2, '1100': 3, '0001': 2, '1101': 1, '0011': 1}",500,d8su3qtbh0os73eopleg,ibm_fez
P119S,-0.49,0.49,"{'0001': 245, '1101': 40, '1001': 97, '1110': 46, '0101': 19, '0110': 17, '0111': 2, '0011': 3, '1000': 2, '1010': 4, '0000': 10, '0010': 9, '1111': 1, '0100': 2, '1100': 3}",500,d8su48lbh0os73eoplt0,ibm_fez
P146S,-0.406,0.406,"{'0001': 203, '1001': 104, '1101': 42, '1110': 63, '1100': 5, '1000': 6, '0101': 20, '0011': 2, '1011': 1, '1010': 9, '0000': 6, '1111': 8, '0110': 21, '0111': 2, '0010': 8}",500,d8su3pcbp3hs7383ng10,ibm_fez
P151S,-0.484,0.484,"{'1111': 242, '0001': 143, '0111': 10, '1001': 13, '0011': 43, '1101': 34, '1110': 5, '0000': 4, '0010': 1, '1011': 4, '1010': 1}",500,d8stoudbh0os73eop83g,ibm_fez
P152L,-0.618,0.618,"{'1000': 309, '0100': 75, '0110': 19, '0111': 51, '0011': 2, '1011': 8, '0101': 2, '1001': 4, '0000': 15, '1010': 8, '1100': 2, '1111': 5}",500,d8su37dbh0os73eopklg,ibm_fez
P190L,-0.258,0.258,"{'0011': 86, '0000': 16, '1100': 100, '0100': 129, '1011': 80, '1010': 8, '1000': 33, '1111': 16, '0101': 2, '0010': 5, '0111': 18, '1110': 1, '1101': 3, '0110': 2, '1001': 1}",500,d8su1odposuc738nt2qg,ibm_fez
P239S,-0.308,0.308,"{'1110': 113, '0010': 154, '1100': 118, '0001': 3, '0000': 76, '1000': 2, '1010': 6, '1111': 3, '1101': 5, '0110': 4, '0101': 2, '0100': 5, '0011': 7, '1011': 2}",500,d8stldlbh0os73eop3ig,ibm_fez
P250L,-0.302,0.302,"{'0100': 151, '1101': 9, '1010': 95, '0010': 68, '0011': 11, '1100': 109, '1011': 12, '0000': 14, '0101': 11, '1001': 1, '0110': 2, '1000': 13, '1110': 4}",500,d8stt6stqbtc73cvi2q0,ibm_fez
P278S,-0.39,0.39,"{'1110': 195, '0000': 92, '1010': 5, '1000': 74, '0110': 116, '1100': 2, '1111': 6, '0100': 2, '0111': 1, '0010': 4, '0001': 3}",500,d8stq1dbh0os73eop98g,ibm_fez
P33R,-0.668,0.668,"{'0101': 334, '1001': 32, '1010': 44, '0010': 3, '1101': 25, '0100': 11, '1011': 37, '0001': 5, '0011': 1, '0111': 4, '1000': 1, '0110': 3}",500,d8stlictqbtc73cvhoj0,ibm_fez
P72R,-0.392,0.392,"{'0111': 86, '1011': 196, '0101': 43, '0011': 76, '1111': 34, '1010': 2, '1001': 22, '1101': 17, '0000': 1, '0001': 11, '1000': 2, '0110': 5, '1100': 1, '1110': 1, '0010': 1, '0100': 2}",500,d8studtposuc738nsup0,ibm_fez
Q292*,-0.268,0.268,"{'0111': 52, '0001': 31, '0011': 28, '1101': 47, '1011': 68, '0101': 134, '1001': 92, '1111': 23, '1110': 3, '0100': 2, '1100': 5, '0000': 2, '1000': 4, '0010': 2, '0110': 5, '1010': 2}",500,d8su28tposuc738nt3gg,ibm_fez
Q331*,-0.242,0.242,"{'0000': 40, '1000': 121, '0110': 75, '0101': 8, '1110': 29, '0100': 33, '1001': 42, '0111': 56, '1100': 11, '1010': 16, '1111': 29, '0010': 3, '1011': 16, '0011': 6, '0001': 12, '1101': 3}",500,d8tf0mtposuc738okrmg,ibm_marrakesh
R110L,-0.54,0.54,"{'0110': 270, '1110': 175, '1000': 14, '0000': 14, '0010': 4, '1010': 6, '1001': 5, '0100': 8, '0001': 2, '1100': 2}",500,d8stmecbp3hs7383mujg,ibm_fez
R114C,-0.482,0.482,"{'0010': 24, '1110': 93, '0001': 241, '1111': 7, '0110': 5, '1101': 95, '1001': 15, '0101': 7, '0000': 6, '1100': 3, '0011': 3, '1011': 1}",500,d8stll4bp3hs7383mtk0,ibm_fez
R114H,-0.542,0.542,"{'1110': 168, '0100': 7, '0110': 271, '1000': 20, '1100': 3, '1001': 3, '1010': 7, '0000': 12, '0111': 2, '0001': 2, '0010': 4, '1111': 1}",500,d8su3idbh0os73eopl50,ibm_fez
R114L,-0.614,0.614,"{'1000': 307, '0100': 65, '1010': 5, '0111': 71, '0110': 11, '0011': 3, '0000': 22, '0101': 2, '1100': 6, '1011': 3, '1001': 1, '1111': 3, '1110': 1}",500,d8stvfkbp3hs7383nak0,ibm_fez
R116Q,-0.422,0.422,"{'1111': 10, '0000': 64, '1001': 31, '1000': 211, '0110': 84, '1110': 25, '1010': 4, '1100': 1, '0111': 57, '0001': 5, '0010': 1, '0101': 3, '1011': 3, '0100': 1}",500,d8stq65bh0os73eop9fg,ibm_fez
R116W,-0.358,0.358,"{'1110': 108, '0010': 179, '1100': 104, '0100': 4, '1010': 13, '0000': 65, '1101': 5, '0110': 3, '0101': 2, '0001': 6, '1111': 3, '1011': 1, '1000': 4, '0011': 2, '1001': 1}",500,d8stve4bp3hs7383nagg,ibm_fez
R117S,-0.46,0.46,"{'1001': 110, '0001': 230, '1010': 3, '1101': 36, '0010': 5, '0110': 22, '1110': 51, '0101': 18, '0000': 5, '1100': 2, '1111': 6, '0011': 5, '1011': 2, '0111': 3, '0100': 2}",500,d8stlukbp3hs7383mu00,ibm_fez
R119H,-0.744,0.744,"{'0010': 372, '1010': 88, '1100': 24, '1110': 2, '1101': 2, '0110': 2, '0100': 3, '1000': 1, '0000': 5, '0011': 1}",500,d8stl2tbh0os73eop34g,ibm_fez
R119L,-0.24,0.24,"{'0010': 48, '0001': 71, '1111': 53, '0000': 120, '0011': 26, '1100': 46, '1110': 85, '1101': 22, '0110': 6, '1011': 3, '1001': 6, '1000': 5, '0111': 4, '0100': 4, '1010': 1}",500,d8su3nstqbtc73cviakg,ibm_fez
R123W,-0.202,0.202,"{'0010': 77, '1111': 13, '1100': 101, '0000': 90, '0011': 10, '1010': 23, '1011': 4, '0110': 13, '1110': 93, '1000': 30, '0101': 2, '0100': 19, '1101': 13, '0001': 7, '1001': 4, '0111': 1}",500,d8stv65bh0os73eopfr0,ibm_fez
R136H,-0.628,0.628,"{'0100': 74, '0111': 58, '1000': 314, '0000': 18, '1110': 1, '1011': 9, '0110': 14, '1100': 1, '0101': 2, '1001': 2, '1010': 4, '0011': 2, '1111': 1}",500,d8stlt4bp3hs7383mtu0,ibm_fez
R141C,-0.472,0.472,"{'1110': 82, '0001': 236, '0010': 30, '1101': 91, '0101': 5, '1001': 18, '0110': 8, '0000': 11, '1111': 7, '0011': 3, '1100': 3, '1000': 1, '1010': 3, '0100': 1, '1011': 1}",500,d8stvh4bp3hs7383namg,ibm_fez
R141H,-0.55,0.55,"{'0110': 275, '1110': 156, '1000': 20, '0100': 13, '1001': 9, '1100': 5, '1010': 4, '0000': 9, '0010': 7, '0101': 2}",500,d8stvqkbp3hs7383nb00,ibm_fez
R141L,-0.654,0.654,"{'1011': 12, '1000': 327, '0100': 52, '0110': 18, '0000': 10, '0111': 64, '1100': 7, '1001': 2, '1111': 2, '0010': 1, '0101': 2, '1010': 1, '1101': 1, '0011': 1}",500,d8su32tbh0os73eopkf0,ibm_fez
R150W,-0.206,0.206,"{'0000': 83, '1100': 103, '0010': 84, '0011': 14, '1000': 29, '0111': 7, '1111': 15, '1110': 74, '0110': 23, '0100': 24, '1010': 23, '1101': 11, '1011': 3, '0101': 4, '0001': 3}",500,d8strplposuc738nsre0,ibm_fez
R158H,-0.216,0.216,"{'0001': 2, '1010': 108, '0100': 88, '1000': 81, '0110': 87, '0101': 22, '1001': 27, '1011': 29, '1110': 4, '1100': 9, '0111': 28, '0000': 6, '1101': 1, '0010': 7, '1111': 1}",500,d8su165bh0os73eopi00,ibm_fez
R158L,-0.466,0.466,"{'0010': 233, '1101': 183, '0011': 10, '1110': 14, '0100': 2, '1100': 18, '0000': 3, '0101': 15, '1010': 19, '1011': 1, '0001': 1, '1001': 1}",500,d8stknlbh0os73eop2o0,ibm_fez
R164H,-0.722,0.722,"{'0010': 361, '1010': 95, '1100': 21, '0000': 6, '0110': 1, '0100': 7, '1101': 3, '1110': 6}",500,d8stpukbp3hs7383n320,ibm_fez
R16H,-0.266,0.266,"{'1100': 95, '0010': 66, '1010': 129, '0100': 133, '0000': 9, '1000': 14, '0011': 5, '1101': 8, '0110': 11, '0101': 9, '1011': 15, '1110': 3, '0111': 2, '0001': 1}",500,d8su4pktqbtc73cvibn0,ibm_fez
R175H,-0.378,0.378,"{'0100': 189, '0011': 67, '1100': 137, '1011': 71, '1000': 6, '0001': 3, '1111': 2, '1010': 8, '0101': 4, '0010': 4, '1101': 3, '0000': 5, '1110': 1}",500,d8stjblposuc738nsgt0,ibm_fez
R209Q,-0.428,0.428,"{'1100': 4, '0001': 214, '1101': 37, '0101': 14, '1001': 118, '1110': 52, '0110': 25, '0011': 4, '0000': 8, '1111': 5, '1010': 5, '0010': 8, '1000': 2, '0100': 2, '0111': 2}",500,d8sts34bp3hs7383n6c0,ibm_fez
R209W,-0.362,0.362,"{'0000': 80, '0110': 141, '1110': 181, '1000': 77, '1100': 3, '1010': 5, '1111': 1, '0111': 2, '0010': 2, '0001': 5, '0100': 3}",500,d8stu4dposuc738nsuc0,ibm_fez
R210S,-0.22,0.22,"{'0101': 36, '0100': 98, '1010': 110, '0110': 96, '1000': 70, '1001': 24, '0010': 5, '1011': 20, '1101': 3, '0111': 20, '1100': 9, '0000': 4, '1110': 3, '0001': 1, '0011': 1}",500,d8stlf4bp3hs7383mt90,ibm_fez
R234C,-0.776,0.776,"{'1011': 388, '0011': 39, '1000': 1, '1001': 8, '0101': 22, '0100': 19, '0111': 11, '1010': 7, '1111': 2, '1100': 2, '0001': 1}",500,d8stnedbh0os73eop6d0,ibm_fez
R234H,-0.32,0.32,"{'0000': 10, '1010': 99, '0010': 69, '1011': 14, '0100': 160, '0101': 9, '1000': 11, '1100': 101, '0110': 6, '1110': 5, '1101': 6, '1111': 2, '0011': 8}",500,d8su2h5bh0os73eopjng,ibm_fez
R234L,-0.39,0.39,"{'0100': 195, '1010': 16, '1011': 74, '1100': 129, '0011': 66, '0101': 4, '0111': 3, '1110': 1, '1101': 2, '0110': 1, '0010': 2, '0001': 1, '0000': 3, '1000': 3}",500,d8su20kbp3hs7383ndp0,ibm_fez
R237Q,-0.19,0.19,"{'1110': 89, '0100': 23, '1100': 93, '0000': 87, '0001': 12, '0010': 95, '1000': 21, '0111': 3, '1111': 13, '0011': 6, '1101': 8, '0101': 5, '0110': 16, '1010': 25, '1011': 2, '1001': 2}",500,d8su3adposuc738nt4r0,ibm_fez
R237W,-0.302,0.302,"{'0110': 40, '1110': 101, '1010': 73, '0010': 151, '0111': 1, '1100': 27, '0101': 15, '1101': 31, '1011': 2, '0001': 12, '1001': 12, '1000': 11, '0000': 9, '0100': 11, '0011': 2, '1111': 2}",500,d8stu14tqbtc73cvi3lg,ibm_fez
R243W,-0.498,0.498,"{'0010': 249, '1101': 105, '0101': 39, '1010': 45, '1110': 17, '0001': 12, '1100': 14, '1011': 3, '0100': 1, '0000': 4, '1111': 3, '1001': 1, '0110': 3, '0011': 4}",500,d8stus5posuc738nsvb0,ibm_fez
R248Q,-0.34,0.34,"{'1100': 113, '0010': 170, '0000': 72, '1110': 112, '1010': 13, '0110': 4, '0011': 1, '0100': 6, '1101': 3, '0001': 1, '1000': 3, '1111': 2}",500,d8stjd4bp3hs7383mqo0,ibm_fez
R248W,-0.286,0.286,"{'1101': 53, '0111': 34, '1111': 129, '0001': 51, '0011': 143, '1011': 30, '1010': 1, '1001': 13, '0000': 9, '0101': 18, '1100': 5, '0010': 4, '1110': 6, '1000': 1, '0110': 1, '0100': 2}",500,d8stkhtbh0os73eop2fg,ibm_fez
R249S,-0.364,0.364,"{'1110': 182, '0000': 107, '0110': 119, '1111': 2, '1000': 73, '0010': 1, '1100': 6, '1010': 2, '0100': 2, '0001': 4, '0111': 1, '1001': 1}",500,d8su0ectqbtc73cvi6f0,ibm_fez
R262C,-0.372,0.372,"{'0100': 6, '0101': 186, '1001': 103, '0001': 11, '1011': 104, '0111': 57, '0110': 7, '1101': 8, '1000': 7, '0011': 4, '1010': 4, '0010': 1, '1111': 2}",500,d8stuqlposuc738nsv8g,ibm_fez
R262H,-0.622,0.622,"{'0111': 59, '0000': 24, '1000': 311, '1100': 3, '0100': 60, '1001': 4, '1011': 12, '1111': 3, '1010': 5, '0110': 16, '0001': 1, '1101': 1, '0011': 1}",500,d8stpf4bp3hs7383n2fg,ibm_fez
R271W,-0.274,0.274,"{'1111': 104, '0111': 137, '1011': 122, '0011': 98, '1110': 2, '0101': 8, '1100': 2, '1101': 4, '0001': 4, '1010': 1, '1001': 14, '0010': 2, '1000': 1, '0110': 1}",500,d8stvclposuc738nt010,ibm_fez
R273C,-0.308,0.308,"{'1100': 63, '0011': 50, '1111': 110, '0000': 154, '1110': 25, '1011': 10, '0010': 24, '1101': 9, '1010': 2, '1000': 15, '0001': 20, '0100': 8, '0101': 1, '0111': 5, '0110': 2, '1001': 2}",500,d8stk0tposuc738nshkg,ibm_fez
R273H,-0.216,0.216,"{'0000': 26, '0100': 108, '1011': 72, '1100': 99, '0001': 4, '0011': 89, '0111': 25, '1111': 31, '0010': 8, '1000': 22, '0101': 6, '1110': 1, '0110': 2, '1001': 3, '1010': 2, '1101': 2}",500,d8stjetbh0os73eop16g,ibm_fez
R273L,-0.458,0.458,"{'0001': 156, '1101': 36, '1111': 229, '0011': 51, '1011': 4, '0111': 7, '0000': 4, '1110': 4, '1001': 6, '0010': 2, '1100': 1}",500,d8stodsbp3hs7383n1bg,ibm_fez
R280K,-0.39,0.39,"{'0100': 195, '0011': 57, '1100': 136, '1011': 80, '0101': 3, '0000': 7, '1010': 9, '0110': 3, '0111': 1, '1000': 3, '1001': 1, '0010': 1, '1110': 1, '1101': 2, '0001': 1}",500,d8stontposuc738nsnlg,ibm_fez
R282W,-0.292,0.292,"{'0010': 146, '0110': 40, '1010': 71, '1110': 101, '0101': 13, '1100': 21, '1011': 3, '1000': 12, '1101': 34, '0000': 13, '0001': 19, '0100': 7, '1111': 4, '1001': 8, '0011': 4, '0111': 4}",500,d8stjllbh0os73eop1f0,ibm_fez
R43H,-0.37,0.37,"{'0100': 185, '1010': 113, '0010': 57, '1100': 73, '0000': 8, '1000': 17, '0110': 14, '1011': 11, '0011': 7, '0101': 6, '1110': 4, '1001': 2, '0111': 2, '1101': 1}",500,d8stufcbp3hs7383n98g,ibm_fez
R89Q,-0.27,0.27,"{'1100': 50, '1000': 14, '1101': 57, '0100': 24, '0011': 135, '1011': 59, '0111': 23, '1110': 8, '1111': 30, '0000': 13, '0010': 16, '1001': 10, '0101': 23, '1010': 24, '0110': 5, '0001': 9}",500,d8stvilbh0os73eopg80,ibm_fez
R89W,-0.23,0.23,"{'1101': 115, '1010': 72, '1001': 12, '1011': 19, '0101': 79, '0001': 21, '1100': 27, '0010': 76, '0110': 9, '0011': 27, '0111': 3, '1000': 3, '1110': 11, '0100': 18, '0000': 3, '1111': 5}",500,d8strjsbp3hs7383n5p0,ibm_fez
R90S,-0.608,0.608,"{'1100': 304, '0100': 40, '0010': 73, '0000': 36, '1110': 10, '1101': 2, '0011': 12, '1010': 10, '1011': 5, '0110': 2, '1000': 4, '0111': 1, '1111': 1}",500,d8su0v4bp3hs7383nc90,ibm_fez
S127F,-0.29,0.29,"{'1010': 103, '0010': 96, '1100': 108, '1000': 6, '0100': 145, '1110': 3, '0110': 2, '0011': 13, '0101': 7, '1011': 4, '0000': 9, '0001': 1, '1101': 2, '0111': 1}",500,d8stvs5bh0os73eopgi0,ibm_fez
S202F,-0.334,0.334,"{'1011': 3, '1111': 66, '1000': 22, '0111': 125, '1001': 167, '1110': 9, '0001': 77, '0000': 7, '0110': 20, '0101': 2, '0011': 1, '1101': 1}",500,d8stmv5posuc738nslig,ibm_fez
S241F,-0.526,0.526,"{'0110': 263, '1110': 173, '1010': 10, '1100': 4, '0100': 4, '1001': 4, '0001': 5, '0000': 13, '0111': 1, '1000': 18, '0010': 5}",500,d8stpnstqbtc73cvhto0,ibm_fez
T125=,-0.394,0.394,"{'0100': 197, '1100': 152, '0011': 35, '0000': 7, '0110': 2, '1011': 68, '0010': 8, '1000': 15, '1010': 7, '1110': 3, '1101': 1, '0001': 1, '1111': 2, '0111': 2}",500,d8stvtsbp3hs7383nb40,ibm_fez
T86=,-0.444,0.444,"{'0011': 28, '0101': 2, '1011': 26, '0100': 183, '1010': 12, '1100': 222, '0010': 12, '0000': 2, '1000': 9, '1110': 3, '0110': 1}",500,d8str64tqbtc73cvi03g,ibm_fez
V118F,-0.236,0.236,"{'0000': 30, '1100': 99, '1011': 75, '1111': 17, '0011': 88, '1000': 27, '0100': 118, '0010': 8, '0110': 3, '1001': 1, '0111': 21, '1110': 2, '1010': 3, '0101': 4, '0001': 2, '1101': 2}",500,d8stv0ktqbtc73cvi4t0,ibm_fez
V134L,-0.492,0.492,"{'1111': 246, '0001': 155, '0011': 35, '0111': 13, '1101': 31, '1001': 4, '0000': 3, '0100': 1, '1011': 3, '1110': 6, '1100': 1, '0101': 2}",500,d8stphstqbtc73cvhtgg,ibm_fez
V157F,-0.216,0.216,"{'1101': 26, '1110': 97, '0000': 108, '1100': 46, '1111': 65, '0010': 33, '0011': 32, '1010': 3, '0001': 60, '0111': 6, '1000': 12, '0100': 4, '0110': 4, '1001': 3, '1011': 1}",500,d8stkjdbh0os73eop2ig,ibm_fez
V173L,-0.376,0.376,"{'0001': 188, '0110': 6, '1101': 96, '1110': 91, '1100': 12, '1111': 6, '0010': 52, '1001': 19, '0000': 11, '0101': 6, '0011': 8, '1010': 5}",500,d8su2qstqbtc73cvi9gg,ibm_fez
V173M,-0.414,0.414,"{'1001': 94, '0101': 21, '0001': 207, '1100': 4, '0010': 16, '1101': 38, '0110': 35, '1111': 5, '1110': 49, '0011': 5, '0111': 6, '0100': 2, '0000': 5, '1000': 4, '1010': 7, '1011': 2}",500,d8su024bp3hs7383nb90,ibm_fez
V177M,-0.464,0.464,"{'1101': 131, '0010': 232, '0101': 36, '1100': 13, '1010': 44, '0110': 3, '1110': 14, '0001': 13, '0000': 7, '1000': 1, '0100': 3, '0011': 2, '1001': 1}",500,d8stqe4bp3hs7383n3s0,ibm_fez
V216M,-0.486,0.486,"{'0010': 243, '1101': 178, '1110': 4, '0101': 11, '1010': 28, '0001': 14, '1100': 12, '0011': 5, '0100': 2, '1111': 1, '0110': 1, '0000': 1}",500,d8strflbh0os73eopbeg,ibm_fez
V233M,-0.414,0.414,"{'0000': 53, '1000': 207, '1111': 9, '1110': 22, '1001': 24, '0110': 80, '0111': 72, '0011': 2, '0100': 7, '0001': 6, '1010': 7, '1011': 5, '0010': 1, '1100': 4, '0101': 1}",500,d8su38tbh0os73eopkog,ibm_fez
V25F,-0.522,0.522,"{'1110': 90, '0000': 261, '1000': 31, '0001': 6, '1111': 17, '1100': 53, '0010': 12, '1010': 3, '0110': 10, '0111': 2, '0100': 5, '1101': 1, '0011': 6, '1011': 1, '0101': 1, '1001': 1}",500,d8stqckbp3hs7383n3o0,ibm_fez
V272L,-0.366,0.366,"{'1101': 98, '1010': 10, '0110': 5, '1110': 93, '0001': 183, '0010': 59, '1100': 9, '0000': 10, '1001': 10, '0101': 7, '1111': 9, '0111': 1, '0011': 5, '1000': 1}",500,d8sttdcbp3hs7383n82g,ibm_fez
V272M,-0.452,0.452,"{'1110': 54, '0001': 226, '1001': 103, '0101': 18, '1101': 40, '1111': 9, '1000': 3, '1010': 3, '0110': 23, '0010': 12, '0000': 5, '1100': 2, '0111': 2}",500,d8stp5lbh0os73eop8b0,ibm_fez
Y124C,-0.33,0.33,"{'0010': 78, '1010': 98, '0100': 165, '1100': 106, '0000': 6, '1110': 5, '0101': 9, '1001': 2, '1011': 10, '0011': 7, '0111': 1, '1000': 7, '0110': 4, '1101': 1, '1111': 1}",500,d8su0isbp3hs7383nbqg,ibm_fez
Y126H,-0.44,0.44,"{'1111': 220, '1001': 10, '0001': 180, '0111': 8, '0011': 36, '0000': 4, '1110': 2, '1101': 33, '0101': 2, '0010': 1, '1100': 2, '1000': 1, '0110': 1}",500,d8strcstqbtc73cvi0d0,ibm_fez
Y163C,-0.224,0.224,"{'0000': 20, '0011': 99, '1011': 68, '1111': 11, '1000': 32, '0100': 112, '0111': 29, '1100': 106, '1001': 5, '0001': 2, '0101': 4, '1010': 4, '0010': 4, '0110': 2, '1101': 1, '1110': 1}",500,d8stlglposuc738nsjd0,ibm_fez
Y166C,-0.208,0.208,"{'0001': 71, '0000': 92, '1110': 104, '0011': 25, '1001': 2, '1100': 43, '1111': 70, '0010': 39, '1101': 28, '1011': 2, '0100': 5, '0101': 4, '1000': 5, '0110': 8, '0111': 2}",500,d8su1mstqbtc73cvi830,ibm_fez
Y181C,-0.236,0.236,"{'1011': 59, '0100': 104, '0011': 102, '0111': 16, '1100': 118, '0000': 24, '1000': 30, '1110': 2, '1111': 14, '0101': 7, '1001': 5, '0010': 6, '1101': 3, '1010': 8, '0001': 1, '0110': 1}",500,d8stu2kbp3hs7383n8qg,ibm_fez
Y195C,-0.4,0.4,"{'1000': 200, '0000': 48, '1001': 39, '0110': 67, '0001': 8, '1110': 21, '0111': 76, '0100': 8, '1111': 18, '1010': 5, '0010': 3, '0101': 4, '1100': 1, '1011': 2}",500,d8stm35posuc738nska0,ibm_fez
Y197C,-0.386,0.386,"{'0001': 193, '1110': 105, '1101': 93, '0010': 38, '1001': 28, '0000': 9, '0110': 6, '1100': 8, '1111': 6, '0101': 4, '0011': 6, '1010': 4}",500,d8stpmcbp3hs7383n2p0,ibm_fez
Y205C,-0.33,0.33,"{'0100': 165, '1100': 101, '1010': 91, '0010': 71, '0000': 8, '0011': 9, '0001': 1, '1110': 7, '1011': 12, '1000': 14, '0110': 7, '0111': 2, '1101': 6, '1111': 1, '0101': 5}",500,d8stnftposuc738nsm8g,ibm_fez
Y220C,-0.554,0.554,"{'1110': 172, '0110': 277, '1100': 6, '0000': 15, '0100': 5, '1010': 4, '1000': 12, '1001': 3, '0001': 3, '0111': 1, '0010': 2}",500,d8stjhlposuc738nsh40,ibm_fez
Y234C,-0.748,0.748,"{'0010': 374, '1010': 88, '0000': 5, '0100': 5, '1100': 22, '1000': 2, '1101': 1, '1110': 2, '0110': 1}",500,d8stojkbp3hs7383n1j0,ibm_fez
Y236C,-0.39,0.39,"{'1100': 129, '1011': 63, '0100': 195, '0011': 80, '1000': 1, '0010': 11, '0101': 4, '1010': 7, '0000': 5, '1101': 1, '0110': 1, '1001': 1, '0111': 1, '1110': 1}",500,d8stp05posuc738nsnt0,ibm_fez
Y31C,-0.35,0.35,"{'0010': 175, '1110': 71, '0000': 22, '1010': 79, '1100': 82, '0100': 25, '1000': 13, '1011': 2, '0110': 28, '0001': 1, '1101': 1, '0011': 1}",500,d8stm1kbp3hs7383mu3g,ibm_fez
Y4C,-0.628,0.628,"{'1000': 314, '0110': 26, '1001': 4, '0111': 54, '0100': 63, '0101': 1, '1111': 4, '0000': 18, '1010': 4, '1100': 4, '1011': 8}",500,d8stnmktqbtc73cvhre0,ibm_fez
Y61C,-0.532,0.532,"{'0100': 8, '0000': 266, '1100': 35, '0011': 7, '1110': 97, '1111': 24, '0010': 18, '0110': 7, '0001': 5, '1000': 27, '1011': 1, '1010': 3, '0111': 2}",500,d8stmbdposuc738nskig,ibm_fez
Y87H,-0.504,0.504,"{'1010': 252, '1100': 28, '0101': 31, '0100': 111, '0010': 39, '0110': 5, '1000': 10, '1011': 16, '1101': 7, '0001': 1}",500,d8su45kbp3hs7383ngdg,ibm_fez
Y88C,-0.41,0.41,"{'1100': 159, '0011': 205, '1011': 36, '1101': 8, '0101': 5, '1010': 2, '0010': 12, '0100': 31, '1111': 14, '0111': 3, '0000': 16, '0001': 5, '1000': 1, '1110': 3}",500,d8stl4cbp3hs7383msr0,ibm_fez
