Mutation,COSMIC ID,COSMIC Count,COSMIC %,Affinity (kcal/mol),Rank,Mean pLDDT,Min pLDDT,Max pLDDT,DBD Residues,Has DBD,Has Tetramerization,Structure_Confidence_Category
TP53_K132N,,371,0.15,-8.8,1,88.1026586004,51.46,98.97,102-292,Yes,Yes,High
TP53_M198I,,575,0.24,-8.75,2,87.3532831916,60.18,98.93,102-292,Yes,Yes,High
TP53_C199Y,,410,0.17,-8.73,3,87.4528888164,56.12,98.94,102-292,Yes,Yes,High
TP53_R119H,,325,0.13,-8.67,4,87.7129079634,52.44,98.97,102-292,Yes,Yes,High
TP53_Y88C,,843,0.35,-8.57,5,87.7277712418,60.17,98.94,102-292,Yes,Yes,High
TP53_P239S,,538,0.22,-8.36,6,86.8856918548,44.43,98.92,102-292,Yes,Yes,High
TP53_R210S,,905,0.37,-8.32,7,87.6068269545,61.08,98.94,102-292,Yes,Yes,High
TP53_Y163C,,952,0.39,-8.27,8,87.5781067802,53.69,98.91,102-292,Yes,Yes,High
TP53_P33R,,400,0.16,-8.23,9,87.2307996084,53.01,98.95,102-292,Yes,Yes,High
TP53_G206V,,300,0.12,-8.18,10,88.2393592677,55.57,98.97,102-292,Yes,Yes,High
TP53_R114C,,1443,0.59,-8.17,11,86.9685475957,55.16,98.95,102-292,Yes,Yes,High
TP53_Q331*,,468,0.19,-8.15,12,87.0234918033,55.02,98.94,102-292,Yes,No,High
TP53_R136H,,4190,1.72,-8.11,13,86.6584901961,34.69,98.94,102-292,Yes,Yes,High
TP53_R117S,,543,0.22,-8.02,14,87.5281705325,54.46,98.95,102-292,Yes,Yes,High
TP53_M105I,,345,0.14,-8.01,15,88.0422951355,53.47,98.93,102-292,Yes,Yes,High
TP53_Y31C,,408,0.17,-7.99,16,86.6868018313,52.88,98.95,102-292,Yes,Yes,High
TP53_Y195C,,380,0.16,-7.98,17,88.225171737,50.93,98.97,102-292,Yes,Yes,High
TP53_H154Y,,290,0.12,-7.96,18,88.1167460059,57.32,98.97,102-292,Yes,Yes,High
TP53_Y61C,,843,0.35,-7.95,19,87.5097121361,63.44,98.92,102-292,Yes,Yes,High
TP53_L155R,,355,0.15,-7.95,20,88.2414397649,53.03,98.97,102-292,Yes,Yes,High
TP53_R110L,,392,0.16,-7.93,21,88.5465270049,57.28,98.97,102-292,Yes,Yes,High
TP53_G245V,,420,0.17,-7.92,22,87.3970313521,55.62,98.93,102-292,Yes,Yes,High
TP53_I63T,,294,0.12,-7.9,23,88.4703168899,51.42,98.97,102-292,Yes,Yes,High
TP53_K132R,,378,0.16,-7.89,24,88.4725645214,56.25,98.97,102-292,Yes,Yes,High
TP53_H154R,,405,0.17,-7.88,25,87.1028114808,46.23,98.96,102-292,Yes,Yes,High
TP53_S202F,,460,0.19,-7.88,26,87.4416868258,52.0,98.95,102-292,Yes,Yes,High
TP53_G266R,,330,0.14,-7.87,27,87.4944487932,51.95,98.88,102-292,Yes,Yes,High
TP53_M237I,,805,0.33,-7.86,28,86.7821837202,51.59,98.95,102-292,Yes,Yes,High
TP53_C102Y,,325,0.13,-7.85,29,87.9275391645,49.41,98.97,102-292,Yes,Yes,High
TP53_R234C,,2405,0.99,-7.85,30,87.2818637406,50.75,98.95,102-292,Yes,Yes,High
TP53_Y205C,,504,0.21,-7.85,31,87.7386701605,54.13,98.94,102-292,Yes,Yes,High
TP53_Y4C,,408,0.17,-7.84,32,87.5683943754,60.91,98.93,102-292,Yes,Yes,High
TP53_G206D,,460,0.19,-7.83,33,87.2991402419,42.63,98.94,102-292,Yes,Yes,High
TP53_G245C,,308,0.13,-7.8,34,88.0171316563,51.17,98.97,102-292,Yes,Yes,High
TP53_C135F,,385,0.16,-7.8,35,87.959252611,58.64,98.97,102-292,Yes,Yes,High
TP53_G227E,,320,0.13,-7.78,36,88.1662736773,52.93,98.93,102-292,Yes,Yes,High
TP53_H179R,,1043,0.43,-7.76,37,87.2611045752,56.6,98.93,102-292,Yes,Yes,High
TP53_R273L,,666,0.27,-7.74,38,86.9604090314,51.34,98.96,102-292,Yes,Yes,High
TP53_C238F,,397,0.16,-7.73,39,86.5003263708,57.45,98.91,102-292,Yes,Yes,High
TP53_Y234C,,532,0.22,-7.73,40,87.2818637406,50.75,98.95,102-292,Yes,Yes,High
TP53_C176F,,931,0.38,-7.73,41,86.7613152742,47.5,98.91,102-292,Yes,Yes,High
TP53_R280K,,312,0.13,-7.72,42,87.8580274779,50.93,98.97,102-292,Yes,Yes,High
TP53_P151S,,344,0.14,-7.7,43,87.7601144539,55.71,98.93,102-292,Yes,Yes,High
TP53_R175H,,5866,2.41,-7.7,44,86.7821615435,45.35,98.92,102-292,Yes,Yes,High
TP53_Y236C,,539,0.22,-7.68,45,87.6108581723,54.89,98.94,102-292,Yes,Yes,High
TP53_C17F,,399,0.16,-7.68,46,86.7841653055,49.56,98.95,102-292,Yes,Yes,High
TP53_V272M,,450,0.18,-7.67,47,87.4075359477,52.9,98.95,102-292,Yes,Yes,High
TP53_H193Y,,406,0.17,-7.66,48,87.3355929435,51.77,98.92,102-292,Yes,Yes,High
TP53_R262H,,449,0.18,-7.64,49,87.4934714519,53.31,98.94,102-292,Yes,Yes,High
TP53_V134L,,365,0.15,-7.63,50,88.2597251309,53.56,98.97,102-292,Yes,Yes,High
TP53_A161T,,294,0.12,-7.63,51,88.0875759556,53.32,98.97,102-292,Yes,Yes,High
TP53_Y197C,,385,0.16,-7.58,52,88.1141922825,51.95,98.97,102-292,Yes,Yes,High
TP53_S241F,,644,0.26,-7.57,53,87.5103198433,60.65,98.93,102-292,Yes,Yes,High
TP53_R273C,,2886,1.19,-7.57,54,87.3434086444,60.42,98.93,102-292,Yes,Yes,High
TP53_R164H,,838,0.34,-7.57,55,87.3795326797,53.02,98.94,102-292,Yes,Yes,High
TP53_P278S,,642,0.26,-7.55,56,87.2976487901,59.81,98.94,102-292,Yes,Yes,High
TP53_H179Y,,504,0.21,-7.54,57,87.6054818687,59.19,98.93,102-292,Yes,Yes,High
TP53_H168R,,289,0.12,-7.54,58,88.2220522876,57.86,98.93,102-292,Yes,Yes,High
TP53_R116Q,,1593,0.65,-7.52,59,87.2758001306,54.67,98.95,102-292,Yes,Yes,High
TP53_R158L,,490,0.2,-7.51,60,87.8992015707,55.97,98.95,102-292,Yes,Yes,High
TP53_V25F,,366,0.15,-7.5,61,88.2120758418,56.01,98.97,102-292,Yes,Yes,High
TP53_V177M,,350,0.14,-7.47,62,88.2221078431,56.1,98.97,102-292,Yes,Yes,High
TP53_H193R,,567,0.23,-7.44,63,87.6494934641,57.1,98.92,102-292,Yes,Yes,High
TP53_C275Y,,324,0.13,-7.44,64,88.4315791191,55.37,98.93,102-292,Yes,Yes,High
TP53_T86=,,465,0.19,-7.44,65,87.7485452762,62.91,98.94,102-292,Yes,Yes,High
TP53_Y126H,,455,0.19,-7.43,66,87.1536735361,57.88,98.93,102-292,Yes,Yes,High
TP53_V216M,,490,0.2,-7.43,67,87.0263888889,51.85,98.94,102-292,Yes,Yes,High
TP53_R89W,,1167,0.48,-7.43,68,87.3758447489,53.65,98.93,102-292,Yes,Yes,High
TP53_E246K,,490,0.2,-7.43,69,87.0136862745,48.0,98.94,102-292,Yes,Yes,High
TP53_R150W,,1302,0.54,-7.42,70,87.1847814742,49.82,98.96,102-292,Yes,Yes,High
TP53_H140Y,,360,0.15,-7.42,71,87.5791579634,57.47,98.97,102-292,Yes,Yes,High
TP53_R209Q,,2655,1.09,-7.42,72,87.3110075237,51.12,98.94,102-292,Yes,Yes,High
TP53_H140R,,745,0.31,-7.41,73,87.3025399935,54.32,98.94,102-292,Yes,Yes,High
TP53_C137F,,665,0.27,-7.39,74,87.9352057479,51.98,98.95,102-292,Yes,Yes,High
TP53_P250L,,294,0.12,-7.39,75,87.7452745098,53.03,98.93,102-292,Yes,Yes,High
TP53_V272L,,336,0.14,-7.39,76,88.4804575163,56.1,98.97,102-292,Yes,Yes,High
TP53_R237W,,389,0.16,-7.38,77,88.1313768352,53.37,98.97,102-292,Yes,Yes,High
TP53_Y181C,,1405,0.58,-7.38,78,86.4550884086,34.1,98.96,102-292,Yes,Yes,High
TP53_R209W,,1945,0.8,-7.37,79,87.5855094709,52.59,98.96,102-292,Yes,Yes,High
TP53_R273H,,2694,1.11,-7.37,80,87.4130706344,54.99,98.93,102-292,Yes,Yes,High
TP53_I156T,,490,0.2,-7.36,81,87.5720589198,55.12,98.93,102-292,Yes,Yes,High
TP53_P72R,,640,0.26,-7.34,82,87.5049232778,62.84,98.95,102-292,Yes,Yes,High
TP53_R43H,,2514,1.03,-7.33,83,87.6386377001,48.4,98.94,102-292,Yes,Yes,High
TP53_G266V,,324,0.13,-7.33,84,88.1180568256,54.59,98.93,102-292,Yes,Yes,High
TP53_I195T,,686,0.28,-7.3,85,87.5173610203,61.37,98.93,102-292,Yes,Yes,High
TP53_C137Y,,425,0.17,-7.29,86,87.5647404505,59.55,98.93,102-292,Yes,Yes,High
TP53_R262C,,481,0.2,-7.29,87,87.4253903953,50.83,98.94,102-292,Yes,Yes,High
TP53_R243W,,2170,0.89,-7.29,88,87.5615008157,52.14,98.94,102-292,Yes,Yes,High
TP53_E247K,,365,0.15,-7.27,89,88.1678529412,55.37,98.97,102-292,Yes,Yes,High
TP53_V118F,,610,0.25,-7.26,90,87.0259745348,55.14,98.95,102-292,Yes,Yes,High
TP53_R123W,,1302,0.54,-7.25,91,87.3876092629,46.19,98.95,102-292,Yes,Yes,High
TP53_R271W,,434,0.18,-7.25,92,86.7324510444,49.77,98.94,102-292,Yes,Yes,High
TP53_R116W,,1167,0.48,-7.23,93,87.3753537659,53.24,98.94,102-292,Yes,Yes,High
TP53_R114L,,333,0.14,-7.2,94,88.269228506,56.01,98.93,102-292,Yes,Yes,High
TP53_R141C,,1443,0.59,-7.19,95,87.7485452762,62.91,98.94,102-292,Yes,Yes,High
TP53_R89Q,,1593,0.65,-7.17,96,87.5956517478,53.67,98.96,102-292,Yes,Yes,High
TP53_R141H,,1347,0.55,-7.14,97,87.4660692132,51.96,98.93,102-292,Yes,Yes,High
TP53_S127F,,385,0.16,-7.14,98,88.2408191906,55.18,98.97,102-292,Yes,Yes,High
TP53_T125=,,651,0.27,-7.13,99,87.7485452762,62.91,98.94,102-292,Yes,Yes,High
TP53_G113S,,771,0.32,-7.12,100,86.7776882777,57.8,98.87,102-292,Yes,Yes,High
TP53_V173M,,385,0.16,-7.12,101,87.915630719,54.1,98.97,102-292,Yes,Yes,High
TP53_H214R,,525,0.22,-7.1,102,86.3258267974,37.26,98.93,102-292,Yes,Yes,High
TP53_V157F,,854,0.35,-7.1,103,87.5562487757,58.32,98.94,102-292,Yes,Yes,High
TP53_R249S,,1267,0.52,-7.09,104,87.1276948265,52.12,98.95,102-292,Yes,Yes,High
TP53_Y220C,,1967,0.81,-7.09,105,87.2931378972,49.87,98.94,102-292,Yes,Yes,High
TP53_H193L,,322,0.13,-7.08,106,88.1800196271,56.84,98.93,102-292,Yes,Yes,High
TP53_Y124C,,680,0.28,-7.07,107,87.7485452762,62.91,98.94,102-292,Yes,Yes,High
TP53_G206S,,1285,0.53,-7.07,108,87.3454105332,60.98,98.94,102-292,Yes,Yes,High
TP53_C141Y,,455,0.19,-7.06,109,86.9965089723,54.81,98.91,102-292,Yes,Yes,High
TP53_R90S,,543,0.22,-7.06,110,87.7485452762,62.91,98.94,102-292,Yes,Yes,High
TP53_L194R,,497,0.2,-7.06,111,86.8871227956,56.66,98.93,102-292,Yes,Yes,High
TP53_R248W,,2723,1.12,-7.05,112,86.8385760941,42.7,98.95,102-292,Yes,Yes,High
TP53_R158H,,464,0.19,-7.04,113,87.3149182472,60.08,98.92,102-292,Yes,Yes,High
TP53_A159V,,329,0.14,-7.04,114,88.0994315583,52.59,98.93,102-292,Yes,Yes,High
TP53_I36T,,294,0.12,-7.03,115,88.0803628637,56.64,98.97,102-292,Yes,Yes,High
TP53_E153K,,294,0.12,-7.02,116,87.9900163345,53.86,98.97,102-292,Yes,Yes,High
TP53_G86S,,771,0.32,-7.02,117,87.4655457516,56.3,98.95,102-292,Yes,Yes,High
TP53_Y166C,,360,0.15,-7.01,118,87.8462536777,50.49,98.93,102-292,Yes,Yes,High
TP53_P190L,,329,0.14,-7.01,119,87.636124183,54.15,98.97,102-292,Yes,Yes,High
TP53_C242F,,378,0.16,-6.95,120,87.6273368146,53.17,98.97,102-292,Yes,Yes,High
TP53_R234L,,555,0.23,-6.95,121,87.3034271686,52.54,98.94,102-292,Yes,Yes,High
TP53_G266E,,384,0.16,-6.95,122,88.0311814621,52.73,98.93,102-292,Yes,Yes,High
TP53_Q292*,,390,0.16,-6.93,123,86.9496918033,52.61,98.93,102-292,Yes,No,High
TP53_C238Y,,604,0.25,-6.92,124,86.7503295269,40.05,98.93,102-292,Yes,Yes,High
TP53_R234H,,2245,0.92,-6.91,125,87.519656526,58.1,98.94,102-292,Yes,Yes,High
TP53_C44F,,399,0.16,-6.91,126,87.3074199869,51.01,98.95,102-292,Yes,Yes,High
TP53_G245D,,644,0.26,-6.91,127,87.3958537382,50.87,98.94,102-292,Yes,Yes,High
TP53_H20R,,447,0.18,-6.91,128,87.188247389,50.09,98.96,102-292,Yes,Yes,High
TP53_V173L,,511,0.21,-6.89,129,87.5702908497,52.8,98.94,102-292,Yes,Yes,High
TP53_R282W,,2604,1.07,-6.89,130,87.514653821,62.59,98.94,102-292,Yes,Yes,High
TP53_R141L,,333,0.14,-6.88,131,88.0745540673,57.03,98.93,102-292,Yes,Yes,High
TP53_C176Y,,595,0.24,-6.88,132,87.0683262643,60.77,98.92,102-292,Yes,Yes,High
TP53_P152L,,348,0.14,-6.85,133,87.8834509804,49.98,98.97,102-292,Yes,Yes,High
TP53_V233M,,375,0.15,-6.82,134,88.0498331698,53.71,98.97,102-292,Yes,Yes,High
TP53_R237Q,,531,0.22,-6.8,135,87.0698496732,56.55,98.93,102-292,Yes,Yes,High
TP53_R114H,,1347,0.55,-6.78,136,87.2860045737,50.15,98.95,102-292,Yes,Yes,High
TP53_R119L,,350,0.14,-6.76,137,87.9335009798,56.2,98.93,102-292,Yes,Yes,High
TP53_P146S,,321,0.13,-6.75,138,87.9252015733,51.51,98.97,102-292,Yes,Yes,High
TP53_M78I,,345,0.14,-6.74,139,88.1473971261,53.42,98.97,102-292,Yes,Yes,High
TP53_E285K,,588,0.24,-6.68,140,87.1023864008,51.82,98.94,102-292,Yes,Yes,High
TP53_Y87H,,325,0.13,-6.68,141,87.5098595689,54.25,98.97,102-292,Yes,Yes,High
TP53_G245S,,1799,0.74,-6.67,142,87.2737798105,58.44,98.93,102-292,Yes,Yes,High
TP53_P119S,,321,0.13,-6.64,143,88.1825653595,53.76,98.97,102-292,Yes,Yes,High
TP53_E286K,,402,0.17,-6.63,144,87.08201373,52.6,98.93,102-292,Yes,Yes,High
TP53_H175R,,375,0.15,-6.59,145,88.1132886564,56.2,98.97,102-292,Yes,Yes,High
TP53_E126K,,384,0.16,-6.59,146,88.132395288,56.64,98.97,102-292,Yes,Yes,High
TP53_H193P,,308,0.13,-6.58,147,87.9695746073,56.74,98.93,102-292,Yes,Yes,High
TP53_H47R,,447,0.18,-6.58,148,87.1849755142,53.64,98.95,102-292,Yes,Yes,High
TP53_R248Q,,3717,1.53,-6.57,149,86.7229669611,50.07,98.95,102-292,Yes,Yes,High
TP53_R16H,,2514,1.03,-6.36,150,87.5164836601,51.49,98.96,102-292,Yes,Yes,High
